,churn,features
0,0,"[0.5,0.428,0.033,0.07,0.045,0.057,0.126,0.17,0.146,0.11,0.215,0.113,0.0,0.04,0.028,0.029,0.0,0.0,0.043,0.031,0.04,0.034,0.406,0.0,0.0,0.0,0.0,0.067,0.039,0.133,0.0,1.0]"
1,0,"[0.5,0.416,0.047,0.095,0.063,0.047,0.213,0.276,0.246,0.169,0.273,0.065,0.043,0.12,0.028,0.033,0.068,0.0,0.043,0.056,0.04,0.048,0.055,0.0,0.058,0.0,0.25,0.08,0.048,0.133,1.0,0.0]"
2,1,"(32,[0,1,2,3,4,6,7,8,9,10,11,21,22,30],[0.5,0.844,0.001,0.001,0.001,0.02,0.026,0.021,0.299,0.281,0.016,0.001,0.008,1.0])"
3,0,"[0.5,0.54,0.508,0.629,0.561,0.264,0.486,0.381,0.461,0.025,0.512,0.0,0.42,0.28,0.517,0.492,0.562,0.857,0.5,0.496,0.476,0.51,0.031,0.6,0.385,0.0,0.0,0.547,0.391,0.0,0.0,1.0]"
4,1,"[0.5,0.533,0.263,0.39,0.311,0.085,0.734,0.698,0.749,0.104,0.078,0.0,0.145,0.08,0.196,0.217,0.315,0.143,0.261,0.211,0.194,0.264,0.0,0.1,0.231,0.0,0.0,0.28,0.229,0.0,1.0,0.0]"
5,0,"[0.5,0.666,0.019,0.039,0.024,0.057,0.067,0.089,0.075,0.132,0.285,0.113,0.0,0.0,0.007,0.021,0.0,0.143,0.022,0.028,0.024,0.018,0.125,0.1,0.058,0.0,0.0,0.013,0.016,0.133,1.0,0.0]"
6,0,"[0.5,0.568,0.239,0.367,0.287,0.132,0.442,0.432,0.455,0.06,0.223,0.0,0.217,0.08,0.217,0.246,0.384,0.286,0.174,0.262,0.218,0.239,0.008,0.2,0.308,0.0,0.0,0.187,0.185,0.0,1.0,0.0]"
7,1,"[0.5,0.592,0.357,0.492,0.406,0.34,0.263,0.228,0.256,0.028,0.43,0.21,0.377,0.2,0.231,0.3,0.534,0.143,0.37,0.363,0.29,0.355,0.367,0.3,0.327,0.333,0.25,0.387,0.373,0.067,0.0,1.0]"
8,0,"[0.5,0.405,0.1,0.181,0.127,0.047,0.461,0.537,0.507,0.182,0.094,0.032,0.072,0.08,0.077,0.1,0.164,0.429,0.196,0.085,0.113,0.102,0.062,0.0,0.096,0.0,0.25,0.04,0.133,0.133,0.0,1.0]"
9,1,"[0.5,0.898,0.034,0.065,0.041,0.047,0.15,0.185,0.157,0.156,0.332,0.0,0.087,0.0,0.042,0.029,0.041,0.0,0.043,0.02,0.024,0.032,0.016,0.0,0.019,0.0,0.0,0.04,0.039,0.0,1.0,0.0]"
10,0,"[0.5,0.596,0.242,0.366,0.289,0.142,0.419,0.403,0.429,0.066,0.262,0.016,0.232,0.16,0.287,0.158,0.26,0.429,0.348,0.234,0.274,0.241,0.016,0.4,0.327,0.0,0.25,0.227,0.22,0.067,0.0,1.0]"
11,0,"[0.5,0.488,0.01,0.021,0.013,0.019,0.088,0.119,0.101,0.195,0.094,0.048,0.0,0.0,0.021,0.004,0.0,0.0,0.022,0.017,0.016,0.01,0.078,0.0,0.0,0.0,0.0,0.0,0.025,0.0,0.0,1.0]"
12,1,"[0.5,0.559,0.224,0.35,0.27,0.085,0.626,0.624,0.648,0.128,0.211,0.048,0.116,0.08,0.203,0.254,0.301,0.429,0.261,0.208,0.194,0.224,0.062,0.2,0.173,0.0,0.25,0.213,0.197,0.067,1.0,0.0]"
13,0,"[0.5,0.507,0.08,0.15,0.103,0.142,0.132,0.157,0.146,0.07,0.488,0.226,0.058,0.28,0.042,0.083,0.068,0.143,0.065,0.104,0.113,0.081,0.305,0.2,0.115,0.333,0.5,0.12,0.092,0.6,0.0,1.0]"
14,0,"[0.5,0.525,0.257,0.375,0.301,0.132,0.475,0.442,0.478,0.071,0.258,0.097,0.145,0.32,0.287,0.279,0.288,0.143,0.283,0.2,0.145,0.258,0.133,0.4,0.327,0.0,0.25,0.32,0.217,0.067,1.0,0.0]"
15,0,"[0.5,0.514,0.451,0.584,0.506,0.585,0.193,0.154,0.184,0.005,0.289,0.0,0.913,0.12,0.441,0.471,0.342,0.714,0.587,0.425,0.331,0.454,0.086,0.3,0.442,0.0,0.0,0.373,0.693,0.0,0.0,1.0]"
16,1,"[0.5,0.596,0.029,0.058,0.038,0.038,0.154,0.198,0.173,0.19,0.254,0.081,0.0,0.04,0.049,0.029,0.0,0.286,0.0,0.042,0.056,0.028,0.234,0.0,0.0,0.0,0.0,0.067,0.025,0.133,1.0,0.0]"
17,1,"[0.5,0.563,0.379,0.509,0.431,0.311,0.305,0.258,0.297,0.027,0.234,0.129,0.391,0.08,0.329,0.371,0.247,0.0,0.609,0.341,0.331,0.378,0.172,0.4,0.365,0.0,0.25,0.293,0.352,0.333,1.0,0.0]"
18,0,"[0.5,0.683,0.143,0.243,0.174,0.075,0.442,0.48,0.461,0.126,0.277,0.032,0.116,0.12,0.084,0.138,0.123,0.571,0.152,0.138,0.081,0.14,0.023,0.1,0.058,0.0,0.25,0.12,0.165,0.067,0.0,1.0]"
19,0,"[0.5,0.508,0.026,0.054,0.035,0.085,0.066,0.085,0.074,0.089,0.34,0.161,0.0,0.04,0.049,0.029,0.0,0.0,0.022,0.045,0.024,0.027,0.164,0.3,0.077,0.0,0.0,0.04,0.021,0.133,1.0,0.0]"
20,0,"[0.5,0.507,0.443,0.585,0.498,0.434,0.257,0.212,0.246,0.014,0.262,0.097,0.609,0.24,0.364,0.433,0.507,1.0,0.435,0.496,0.355,0.446,0.078,0.7,0.538,0.0,0.25,0.333,0.38,0.067,0.0,1.0]"
21,1,"[0.5,0.582,0.047,0.093,0.061,0.047,0.213,0.271,0.236,0.221,0.195,0.016,0.087,0.04,0.077,0.046,0.014,0.143,0.087,0.042,0.056,0.047,0.008,0.1,0.038,0.0,0.25,0.093,0.032,0.067,0.0,1.0]"
22,1,"[0.5,0.641,0.097,0.175,0.121,0.226,0.1,0.113,0.107,0.037,0.23,0.387,0.029,0.04,0.189,0.079,0.014,0.0,0.174,0.158,0.153,0.096,0.391,0.0,0.154,0.0,0.25,0.067,0.073,0.467,1.0,0.0]"
23,0,"[0.5,0.734,0.03,0.06,0.038,0.047,0.134,0.168,0.144,0.143,0.148,0.097,0.0,0.0,0.056,0.021,0.0,0.143,0.022,0.039,0.073,0.029,0.133,0.0,0.019,0.0,0.0,0.093,0.032,0.2,0.0,1.0]"
24,0,"[0.5,0.598,0.005,0.012,0.007,0.019,0.045,0.064,0.051,0.195,0.191,0.048,0.0,0.0,0.035,0.004,0.0,0.0,0.022,0.02,0.024,0.005,0.008,0.0,0.0,0.0,0.0,0.0,0.009,0.0,1.0,0.0]"
25,1,"[0.5,0.684,0.027,0.055,0.035,0.028,0.183,0.238,0.204,0.241,0.316,0.0,0.058,0.04,0.007,0.017,0.027,0.0,0.022,0.023,0.024,0.026,0.008,0.0,0.0,0.0,0.0,0.04,0.032,0.0,1.0,0.0]"
26,0,"[0.5,0.64,0.201,0.313,0.24,0.217,0.227,0.223,0.232,0.04,0.48,0.048,0.319,0.04,0.224,0.208,0.219,0.429,0.152,0.203,0.145,0.198,0.008,0.3,0.154,0.0,0.25,0.16,0.188,0.267,0.0,1.0]"
27,0,"[0.5,0.675,0.18,0.287,0.214,0.292,0.15,0.149,0.151,0.029,0.246,0.468,0.072,0.12,0.175,0.196,0.082,0.143,0.109,0.197,0.161,0.177,0.562,0.1,0.25,0.333,0.25,0.227,0.142,0.933,1.0,0.0]"
28,0,"(32,[0,1,2,3,4,5,6,7,8,9,10,11,15,19,20,21,22,28,30],[0.5,0.441,0.006,0.014,0.008,0.019,0.051,0.076,0.06,0.143,0.277,0.048,0.017,0.023,0.024,0.006,0.023,0.005,1.0])"
29,0,"(32,[0,1,2,3,4,6,7,8,9,10,11,14,15,19,20,21,22,28,30],[0.5,0.604,0.004,0.008,0.005,0.104,0.149,0.119,0.533,0.156,0.016,0.007,0.013,0.008,0.016,0.004,0.008,0.005,1.0])"
30,0,"[0.5,0.564,0.09,0.162,0.114,0.057,0.356,0.41,0.387,0.155,0.254,0.097,0.058,0.0,0.112,0.058,0.123,0.571,0.065,0.093,0.073,0.09,0.086,0.0,0.077,0.333,0.5,0.12,0.069,0.2,1.0,0.0]"
31,0,"[0.5,0.634,0.047,0.093,0.061,0.028,0.328,0.415,0.366,0.26,0.34,0.016,0.058,0.04,0.042,0.054,0.123,0.143,0.022,0.051,0.04,0.047,0.008,0.0,0.0,0.0,0.25,0.067,0.041,0.067,1.0,0.0]"
32,0,"[0.5,0.623,0.082,0.152,0.104,0.151,0.127,0.149,0.137,0.047,0.336,0.274,0.0,0.04,0.063,0.054,0.0,0.143,0.13,0.085,0.073,0.081,0.438,0.0,0.077,0.0,0.0,0.12,0.087,0.733,1.0,0.0]"
33,0,"[0.5,0.643,0.032,0.064,0.041,0.057,0.119,0.154,0.131,0.11,0.449,0.113,0.0,0.04,0.035,0.025,0.0,0.286,0.0,0.059,0.065,0.031,0.141,0.0,0.0,0.0,0.0,0.04,0.037,0.2,0.0,1.0]"
34,0,"(32,[0,1,2,3,4,5,6,7,8,9,10,11,14,19,21,22,28,31],[0.5,0.921,0.003,0.007,0.004,0.009,0.043,0.057,0.045,0.182,0.238,0.032,0.021,0.006,0.003,0.031,0.007,1.0])"
35,1,"[0.5,0.592,0.183,0.303,0.222,0.189,0.237,0.248,0.246,0.051,0.176,0.258,0.087,0.12,0.14,0.208,0.205,0.143,0.152,0.183,0.194,0.182,0.203,0.0,0.115,0.0,0.25,0.293,0.181,0.2,0.0,1.0]"
36,0,"[0.5,0.655,0.208,0.33,0.248,0.255,0.201,0.2,0.205,0.032,0.359,0.032,0.391,0.12,0.245,0.242,0.123,0.286,0.348,0.237,0.194,0.205,0.023,0.2,0.231,0.0,0.25,0.32,0.302,0.067,1.0,0.0]"
37,0,"[0.5,0.524,0.079,0.147,0.101,0.057,0.313,0.37,0.342,0.143,0.586,0.032,0.087,0.0,0.112,0.058,0.041,0.0,0.152,0.079,0.032,0.08,0.031,0.1,0.096,0.0,0.25,0.093,0.119,0.133,1.0,0.0]"
38,1,"[0.5,0.526,0.084,0.156,0.106,0.179,0.11,0.128,0.118,0.05,0.188,0.323,0.0,0.04,0.077,0.058,0.0,0.143,0.13,0.104,0.113,0.085,0.898,0.2,0.154,0.0,0.0,0.267,0.103,0.467,0.0,1.0]"
39,0,"[0.5,0.616,0.456,0.599,0.516,0.377,0.305,0.252,0.295,0.02,0.426,0.339,0.362,0.24,0.406,0.45,0.575,0.286,0.522,0.442,0.435,0.452,0.258,0.3,0.481,0.667,0.75,0.507,0.439,0.467,1.0,0.0]"
40,0,"[0.5,0.56,0.084,0.154,0.108,0.075,0.255,0.3,0.281,0.109,0.316,0.016,0.13,0.04,0.07,0.079,0.096,0.0,0.174,0.073,0.073,0.084,0.094,0.0,0.038,0.0,0.25,0.053,0.096,0.2,0.0,1.0]"
41,0,"[0.5,0.642,0.204,0.309,0.242,0.349,0.142,0.133,0.143,0.022,0.297,0.5,0.159,0.2,0.217,0.267,0.137,0.429,0.196,0.254,0.202,0.201,0.43,0.1,0.135,0.667,0.5,0.187,0.162,0.4,0.0,1.0]"
42,0,"[0.5,0.495,0.134,0.228,0.167,0.132,0.243,0.263,0.26,0.066,0.398,0.177,0.072,0.16,0.28,0.138,0.137,0.0,0.152,0.152,0.161,0.135,0.227,0.2,0.212,0.0,0.25,0.12,0.124,0.2,0.0,1.0]"
43,0,"[0.5,0.591,0.175,0.282,0.211,0.16,0.265,0.271,0.274,0.044,0.355,0.0,0.261,0.08,0.161,0.179,0.027,0.429,0.196,0.135,0.137,0.174,0.008,0.0,0.077,0.0,0.0,0.213,0.254,0.0,0.0,1.0]"
44,0,"[0.5,0.537,0.033,0.069,0.043,0.028,0.223,0.304,0.253,0.26,0.207,0.032,0.043,0.04,0.063,0.021,0.041,0.143,0.022,0.034,0.04,0.033,0.047,0.0,0.0,0.0,0.25,0.053,0.032,0.2,1.0,0.0]"
45,0,"[0.5,0.664,0.042,0.082,0.053,0.047,0.191,0.235,0.207,0.117,0.352,0.0,0.087,0.0,0.056,0.029,0.041,0.0,0.043,0.034,0.016,0.042,0.0,0.0,0.038,0.0,0.0,0.027,0.087,0.0,1.0,0.0]"
46,0,"[0.5,0.695,0.307,0.432,0.352,0.255,0.301,0.267,0.295,0.032,0.25,0.226,0.217,0.12,0.315,0.242,0.342,0.429,0.326,0.324,0.315,0.3,0.234,0.4,0.25,0.0,0.25,0.293,0.263,0.133,1.0,0.0]"
47,0,"[0.5,0.534,0.096,0.175,0.121,0.047,0.443,0.52,0.483,0.169,0.266,0.032,0.072,0.12,0.119,0.125,0.137,0.0,0.13,0.068,0.056,0.096,0.156,0.0,0.058,0.333,0.0,0.08,0.085,0.267,0.0,1.0]"
48,0,"[0.5,0.406,0.024,0.053,0.033,0.075,0.067,0.095,0.079,0.066,0.516,0.145,0.0,0.0,0.0,0.013,0.0,0.0,0.022,0.031,0.032,0.025,0.117,0.0,0.058,0.0,0.0,0.027,0.023,0.0,1.0,0.0]"
49,0,"[0.5,0.658,0.064,0.119,0.081,0.094,0.155,0.183,0.169,0.087,0.52,0.081,0.101,0.08,0.084,0.046,0.027,0.0,0.022,0.068,0.073,0.063,0.078,0.0,0.058,0.0,0.25,0.067,0.062,0.133,0.0,1.0]"
50,1,"[0.5,0.417,0.059,0.115,0.079,0.057,0.232,0.286,0.264,0.188,0.348,0.032,0.087,0.04,0.021,0.037,0.068,0.143,0.109,0.087,0.056,0.061,0.234,0.3,0.135,0.333,0.0,0.093,0.046,0.067,0.0,1.0]"
51,0,"[0.5,0.616,0.031,0.062,0.04,0.028,0.21,0.273,0.233,0.202,0.289,0.065,0.0,0.0,0.014,0.042,0.0,0.0,0.0,0.031,0.04,0.03,0.148,0.1,0.019,0.0,0.0,0.027,0.032,0.267,0.0,1.0]"
52,0,"[0.5,0.827,0.023,0.045,0.028,0.038,0.122,0.153,0.129,0.143,0.266,0.081,0.0,0.04,0.049,0.013,0.0,0.0,0.0,0.028,0.016,0.022,0.133,0.0,0.019,0.0,0.0,0.027,0.032,0.0,1.0,0.0]"
53,0,"[0.5,0.338,0.033,0.072,0.045,0.038,0.18,0.249,0.212,0.206,0.348,0.081,0.014,0.04,0.119,0.029,0.027,0.0,0.065,0.048,0.056,0.035,0.109,0.0,0.038,0.0,0.25,0.04,0.053,0.2,1.0,0.0]"
54,0,"[0.5,0.577,0.202,0.311,0.238,0.16,0.308,0.301,0.312,0.061,0.484,0.048,0.261,0.08,0.196,0.237,0.11,0.143,0.348,0.155,0.097,0.201,0.031,0.1,0.192,0.333,0.5,0.147,0.32,0.2,0.0,1.0]"
55,0,"[0.5,0.609,0.227,0.348,0.273,0.17,0.328,0.32,0.339,0.057,0.289,0.097,0.217,0.12,0.28,0.217,0.274,0.286,0.196,0.2,0.194,0.225,0.133,0.1,0.25,0.333,0.25,0.32,0.211,0.267,0.0,1.0]"
56,1,"[0.5,0.642,0.014,0.029,0.018,0.0,0.388,0.536,0.444,1.0,0.047,0.0,0.014,0.0,0.028,0.017,0.027,0.0,0.022,0.008,0.0,0.014,0.016,0.1,0.019,0.0,0.0,0.013,0.025,0.0,1.0,0.0]"
57,0,"[0.5,0.438,0.021,0.045,0.028,0.028,0.143,0.196,0.163,0.182,0.258,0.065,0.0,0.0,0.021,0.017,0.0,0.0,0.0,0.039,0.032,0.022,0.141,0.0,0.096,0.0,0.0,0.027,0.027,0.067,0.0,1.0]"
58,0,"[0.5,0.477,0.02,0.043,0.026,0.047,0.084,0.117,0.097,0.13,0.191,0.097,0.0,0.0,0.021,0.033,0.0,0.0,0.043,0.039,0.032,0.02,0.086,0.1,0.019,0.0,0.0,0.0,0.025,0.133,1.0,0.0]"
59,0,"[0.5,0.604,0.338,0.481,0.387,0.321,0.263,0.236,0.258,0.025,0.254,0.129,0.42,0.48,0.343,0.254,0.411,0.429,0.391,0.296,0.282,0.335,0.195,0.5,0.212,0.333,0.25,0.36,0.339,0.067,1.0,0.0]"
60,1,"(32,[0,2,3,4,6,7,8,9,10,11,14,15,19,20,21,22,24,27,28,31],[0.5,0.003,0.006,0.004,0.073,0.119,0.094,0.844,0.035,0.016,0.028,0.004,0.006,0.008,0.003,0.023,0.019,0.027,0.005,1.0])"
61,1,"[0.5,0.661,0.054,0.105,0.069,0.047,0.247,0.306,0.27,0.169,0.148,0.0,0.087,0.04,0.07,0.058,0.041,0.0,0.022,0.054,0.056,0.053,0.0,0.1,0.096,0.0,0.0,0.013,0.046,0.0,1.0,0.0]"
62,1,"[0.5,0.561,0.186,0.299,0.224,0.16,0.283,0.289,0.292,0.066,0.566,0.048,0.232,0.08,0.182,0.171,0.178,0.286,0.196,0.149,0.137,0.186,0.031,0.4,0.135,0.0,0.25,0.16,0.206,0.133,1.0,0.0]"
63,1,"[0.5,0.36,0.018,0.041,0.025,0.038,0.095,0.138,0.113,0.19,0.332,0.081,0.0,0.0,0.021,0.013,0.0,0.0,0.043,0.042,0.024,0.019,0.141,0.0,0.038,0.0,0.0,0.04,0.016,0.267,1.0,0.0]"
64,0,"[0.5,0.385,0.026,0.056,0.036,0.075,0.074,0.1,0.087,0.091,0.402,0.145,0.0,0.0,0.049,0.017,0.0,0.0,0.022,0.051,0.056,0.027,0.164,0.1,0.019,0.0,0.0,0.027,0.018,0.067,1.0,0.0]"
65,0,"[0.5,0.597,0.204,0.308,0.242,0.17,0.294,0.281,0.299,0.057,0.281,0.226,0.116,0.04,0.182,0.208,0.137,0.286,0.217,0.211,0.177,0.202,0.383,0.1,0.173,0.667,0.5,0.147,0.178,0.4,1.0,0.0]"
66,0,"[0.5,0.547,0.101,0.182,0.126,0.066,0.348,0.401,0.373,0.114,0.27,0.0,0.116,0.12,0.147,0.113,0.11,0.143,0.043,0.062,0.04,0.101,0.008,0.0,0.058,0.0,0.0,0.053,0.11,0.0,0.0,1.0]"
67,0,"[0.5,0.625,0.326,0.463,0.375,0.274,0.297,0.267,0.293,0.029,0.242,0.226,0.246,0.28,0.231,0.3,0.301,0.286,0.326,0.335,0.315,0.322,0.273,0.4,0.327,0.0,0.25,0.28,0.309,0.2,1.0,0.0]"
68,0,"[0.5,0.561,0.195,0.31,0.236,0.17,0.281,0.283,0.291,0.057,0.473,0.081,0.232,0.2,0.182,0.212,0.205,0.571,0.283,0.152,0.145,0.195,0.039,0.2,0.192,0.667,0.25,0.267,0.165,0.067,1.0,0.0]"
69,0,"[0.5,0.558,0.708,0.795,0.744,0.66,0.272,0.189,0.244,0.006,0.312,0.468,0.71,0.36,1.0,0.617,0.685,1.0,0.739,0.707,0.718,0.708,0.68,0.5,0.462,1.0,1.0,1.0,0.634,0.667,0.0,1.0]"
70,1,"[0.5,0.424,0.113,0.208,0.147,0.057,0.448,0.53,0.501,0.166,0.051,0.048,0.072,0.08,0.084,0.125,0.164,0.0,0.109,0.085,0.121,0.116,0.031,0.0,0.096,0.0,0.25,0.173,0.092,0.267,0.0,1.0]"
71,1,"[0.5,0.513,0.052,0.1,0.068,0.075,0.155,0.189,0.174,0.109,0.449,0.0,0.13,0.0,0.119,0.037,0.096,0.0,0.065,0.056,0.04,0.053,0.039,0.1,0.058,0.0,0.0,0.08,0.043,0.0,0.0,1.0]"
72,0,"[0.5,0.72,0.032,0.064,0.042,0.066,0.106,0.132,0.117,0.104,0.301,0.129,0.014,0.0,0.042,0.033,0.0,0.0,0.087,0.048,0.048,0.032,0.172,0.0,0.077,0.0,0.25,0.013,0.027,0.067,1.0,0.0]"
73,0,"[0.5,0.578,0.197,0.315,0.239,0.123,0.388,0.396,0.405,0.066,0.504,0.0,0.203,0.2,0.154,0.183,0.26,0.143,0.109,0.144,0.153,0.196,0.008,0.1,0.173,0.0,0.0,0.173,0.185,0.0,0.0,1.0]"
74,0,"(32,[0,1,2,3,4,5,6,7,8,9,10,12,14,17,18,19,20,21,28,31],[0.5,0.398,0.008,0.017,0.01,0.019,0.065,0.095,0.077,0.169,0.207,0.043,0.007,0.143,0.043,0.011,0.008,0.008,0.005,1.0])"
75,0,"[0.5,0.589,0.115,0.2,0.142,0.085,0.317,0.351,0.336,0.104,0.246,0.048,0.116,0.12,0.126,0.125,0.082,0.0,0.065,0.132,0.105,0.114,0.102,0.2,0.192,0.0,0.25,0.147,0.101,0.067,0.0,1.0]"
76,0,"[0.5,0.572,0.025,0.052,0.033,0.019,0.231,0.306,0.259,0.403,0.348,0.032,0.043,0.08,0.014,0.013,0.014,0.0,0.065,0.025,0.024,0.025,0.078,0.1,0.038,0.333,0.25,0.027,0.039,0.067,0.0,1.0]"
77,0,"[0.5,0.567,0.068,0.131,0.087,0.085,0.184,0.225,0.202,0.089,0.27,0.113,0.058,0.0,0.105,0.05,0.082,0.0,0.152,0.076,0.097,0.068,0.086,0.0,0.019,0.0,0.25,0.04,0.064,0.133,1.0,0.0]"
78,1,"[0.5,0.533,0.217,0.338,0.263,0.17,0.314,0.31,0.326,0.061,0.734,0.016,0.275,0.04,0.21,0.287,0.123,0.429,0.239,0.22,0.177,0.218,0.047,0.3,0.327,0.0,0.25,0.227,0.339,0.133,0.0,1.0]"
79,0,"[0.5,0.473,0.311,0.451,0.364,0.302,0.257,0.235,0.258,0.028,0.668,0.048,0.478,0.16,0.329,0.267,0.301,0.571,0.261,0.29,0.234,0.315,0.047,0.5,0.308,0.333,0.5,0.227,0.442,0.133,1.0,0.0]"
80,0,"[0.5,0.49,0.031,0.063,0.041,0.075,0.089,0.114,0.101,0.083,0.238,0.145,0.0,0.0,0.014,0.037,0.0,0.0,0.022,0.045,0.073,0.031,0.125,0.0,0.038,0.0,0.0,0.04,0.025,0.067,0.0,1.0]"
81,0,"[0.5,0.596,0.131,0.227,0.163,0.066,0.456,0.505,0.486,0.134,0.254,0.048,0.101,0.24,0.056,0.096,0.123,0.0,0.109,0.152,0.121,0.131,0.047,0.0,0.038,0.333,0.25,0.053,0.105,0.133,0.0,1.0]"
82,0,"[0.5,0.549,0.083,0.153,0.105,0.038,0.461,0.546,0.502,0.221,0.27,0.032,0.058,0.08,0.098,0.05,0.027,0.0,0.109,0.076,0.056,0.083,0.102,0.3,0.192,0.0,0.25,0.08,0.069,0.133,1.0,0.0]"
83,0,"[0.5,0.556,0.265,0.393,0.315,0.198,0.331,0.311,0.337,0.044,0.297,0.113,0.232,0.28,0.42,0.275,0.288,0.286,0.413,0.242,0.226,0.265,0.102,0.1,0.231,0.0,0.25,0.2,0.252,0.133,0.0,1.0]"
84,0,"[0.5,0.554,0.297,0.432,0.347,0.217,0.34,0.314,0.341,0.04,0.246,0.048,0.319,0.08,0.364,0.258,0.37,0.286,0.304,0.273,0.242,0.297,0.203,0.6,0.308,0.0,0.25,0.36,0.291,0.2,0.0,1.0]"
85,0,"[0.5,0.564,0.395,0.527,0.45,0.217,0.456,0.386,0.446,0.04,1.0,0.081,0.29,0.12,0.287,0.346,0.562,0.571,0.522,0.372,0.387,0.395,0.07,0.2,0.327,0.0,0.25,0.413,0.378,0.067,1.0,0.0]"
86,0,"[0.5,0.542,0.099,0.183,0.127,0.075,0.303,0.357,0.334,0.091,0.332,0.016,0.13,0.08,0.133,0.1,0.0,0.0,0.152,0.068,0.048,0.099,0.0,0.0,0.058,0.0,0.25,0.107,0.19,0.067,1.0,0.0]"
87,0,"[0.5,0.593,0.094,0.166,0.117,0.085,0.256,0.29,0.274,0.097,0.5,0.161,0.014,0.04,0.14,0.104,0.0,0.0,0.109,0.107,0.137,0.093,0.391,0.1,0.096,0.0,0.25,0.373,0.098,0.067,1.0,0.0]"
88,1,"[0.5,0.594,0.065,0.124,0.084,0.085,0.174,0.212,0.193,0.128,0.148,0.129,0.058,0.04,0.049,0.05,0.068,0.0,0.13,0.065,0.105,0.064,0.328,0.1,0.077,0.333,0.25,0.107,0.053,0.267,1.0,0.0]"
89,0,"[0.5,0.557,0.577,0.703,0.623,0.708,0.205,0.153,0.188,0.004,0.242,0.161,1.0,1.0,0.65,0.608,0.438,0.286,0.652,0.544,0.46,0.577,0.164,0.0,0.462,0.333,0.5,0.547,1.0,0.6,0.0,1.0]"
90,0,"[0.5,0.483,0.116,0.206,0.148,0.189,0.147,0.164,0.16,0.047,0.676,0.258,0.13,0.0,0.133,0.096,0.137,0.286,0.13,0.186,0.153,0.117,0.672,0.2,0.212,0.667,0.75,0.147,0.08,0.533,0.0,1.0]"
91,0,"[0.5,0.536,0.222,0.342,0.264,0.236,0.231,0.225,0.236,0.036,0.488,0.145,0.261,0.12,0.161,0.179,0.329,0.143,0.326,0.231,0.169,0.222,0.18,0.2,0.173,0.0,0.25,0.227,0.192,0.2,0.0,1.0]"
92,0,"[0.5,0.602,0.207,0.32,0.248,0.16,0.316,0.31,0.325,0.053,0.281,0.016,0.261,0.12,0.189,0.242,0.288,0.286,0.152,0.186,0.145,0.205,0.023,0.0,0.115,0.0,0.25,0.12,0.192,0.067,1.0,0.0]"
93,0,"(32,[0,1,2,3,4,5,6,7,8,9,10,11,14,19,20,21,22,28,29,31],[0.5,0.445,0.003,0.007,0.004,0.009,0.04,0.059,0.047,0.26,0.391,0.032,0.049,0.008,0.016,0.003,0.031,0.005,0.067,1.0])"
94,0,"(32,[0,1,2,3,4,5,6,7,8,9,10,11,18,19,20,21,22,30],[0.5,0.729,0.004,0.01,0.006,0.038,0.017,0.023,0.018,0.066,0.398,0.081,0.043,0.006,0.008,0.004,0.023,1.0])"
95,0,"[0.5,0.478,0.092,0.173,0.12,0.123,0.177,0.211,0.197,0.071,0.598,0.226,0.043,0.0,0.098,0.067,0.068,0.0,0.043,0.113,0.153,0.094,0.422,0.1,0.096,0.667,0.25,0.333,0.085,0.333,0.0,1.0]"
96,1,"[0.5,0.425,0.097,0.176,0.127,0.104,0.221,0.254,0.246,0.111,0.266,0.129,0.101,0.16,0.098,0.092,0.068,0.143,0.13,0.132,0.145,0.1,0.539,0.1,0.135,0.333,0.5,0.107,0.08,0.533,0.0,1.0]"
97,0,"[0.5,0.635,0.027,0.055,0.035,0.0,0.764,1.0,0.846,0.766,0.086,0.0,0.014,0.08,0.028,0.033,0.027,0.0,0.0,0.031,0.065,0.027,0.0,0.0,0.019,0.0,0.0,0.027,0.011,0.0,0.0,1.0]"
98,0,"[0.5,0.563,0.225,0.348,0.269,0.245,0.226,0.22,0.232,0.037,0.586,0.032,0.391,0.24,0.217,0.263,0.164,0.429,0.217,0.18,0.153,0.224,0.016,0.1,0.269,0.333,0.25,0.213,0.387,0.067,0.0,1.0]"
99,0,"(32,[0,1,2,3,4,6,7,8,9,10,12,14,15,19,20,21,24,28,31],[0.5,0.769,0.011,0.023,0.014,0.313,0.423,0.345,0.533,0.152,0.014,0.014,0.008,0.006,0.008,0.011,0.019,0.014,1.0])"
100,0,"[0.5,0.548,0.215,0.328,0.258,0.151,0.349,0.337,0.36,0.061,0.371,0.065,0.203,0.12,0.196,0.221,0.192,0.286,0.13,0.22,0.202,0.216,0.086,0.1,0.212,0.0,0.25,0.24,0.199,0.067,1.0,0.0]"
101,1,"[0.5,0.539,0.052,0.103,0.067,0.066,0.174,0.222,0.194,0.153,0.113,0.113,0.029,0.0,0.063,0.062,0.055,0.143,0.087,0.059,0.056,0.052,0.211,0.2,0.096,0.0,0.25,0.173,0.043,0.333,1.0,0.0]"
102,0,"[0.5,0.612,0.082,0.155,0.104,0.028,0.575,0.697,0.628,0.26,0.531,0.065,0.014,0.04,0.105,0.087,0.068,0.0,0.087,0.054,0.04,0.082,0.148,0.0,0.019,0.0,0.25,0.08,0.064,0.067,0.0,1.0]"
103,0,"[0.5,0.588,0.238,0.372,0.285,0.104,0.551,0.551,0.569,0.078,0.43,0.0,0.174,0.12,0.252,0.254,0.315,0.143,0.413,0.18,0.161,0.236,0.008,0.3,0.173,0.0,0.0,0.133,0.174,0.0,0.0,1.0]"
104,0,"[0.5,0.988,0.021,0.042,0.026,0.066,0.065,0.082,0.068,0.075,0.254,0.129,0.0,0.0,0.0,0.004,0.0,0.143,0.0,0.031,0.04,0.019,0.133,0.0,0.019,0.0,0.0,0.027,0.014,0.0,1.0,0.0]"
105,0,"[0.5,0.686,0.048,0.096,0.062,0.094,0.115,0.145,0.125,0.087,0.277,0.161,0.029,0.04,0.056,0.054,0.0,0.143,0.087,0.056,0.048,0.047,0.227,0.0,0.019,0.0,0.25,0.067,0.039,0.133,1.0,0.0]"
106,0,"[0.5,0.494,0.206,0.326,0.253,0.132,0.379,0.383,0.4,0.071,0.453,0.016,0.217,0.36,0.189,0.188,0.329,0.429,0.087,0.2,0.177,0.208,0.031,0.2,0.192,0.0,0.25,0.693,0.156,0.067,0.0,1.0]"
107,0,"[0.5,0.568,0.087,0.158,0.11,0.057,0.343,0.398,0.373,0.155,0.32,0.081,0.043,0.04,0.161,0.087,0.082,0.286,0.065,0.068,0.048,0.087,0.023,0.0,0.019,0.0,0.25,0.08,0.078,0.067,0.0,1.0]"
108,0,"[0.5,0.444,0.065,0.121,0.082,0.066,0.22,0.262,0.241,0.124,0.293,0.032,0.101,0.04,0.091,0.025,0.082,0.143,0.065,0.059,0.073,0.066,0.125,0.0,0.019,0.333,0.0,0.067,0.057,0.0,1.0,0.0]"
109,1,"(32,[0,1,2,3,4,5,6,7,8,9,10,11,15,18,19,20,21,22,28,31],[0.5,0.378,0.006,0.013,0.008,0.009,0.078,0.113,0.092,0.338,0.09,0.032,0.008,0.022,0.02,0.024,0.006,0.07,0.007,1.0])"
110,0,"[0.5,0.502,0.079,0.143,0.101,0.104,0.177,0.203,0.193,0.085,0.277,0.161,0.043,0.08,0.091,0.071,0.041,0.0,0.152,0.087,0.081,0.08,0.336,0.1,0.096,0.0,0.25,0.053,0.08,0.2,1.0,0.0]"
111,0,"[0.5,0.633,0.214,0.325,0.252,0.302,0.174,0.165,0.175,0.023,0.242,0.387,0.145,0.16,0.224,0.192,0.205,0.714,0.391,0.189,0.226,0.211,0.391,0.0,0.192,0.333,0.0,0.333,0.208,0.333,0.0,1.0]"
112,1,"[0.5,0.561,0.134,0.235,0.165,0.094,0.335,0.375,0.354,0.115,0.164,0.113,0.087,0.04,0.175,0.175,0.178,0.0,0.152,0.127,0.113,0.134,0.109,0.1,0.096,0.333,0.5,0.12,0.119,0.267,0.0,1.0]"
113,0,"[0.5,0.247,0.016,0.036,0.023,0.047,0.068,0.097,0.082,0.104,0.441,0.032,0.072,0.0,0.021,0.021,0.0,0.0,0.0,0.025,0.024,0.017,0.039,0.0,0.0,0.0,0.25,0.0,0.016,0.133,1.0,0.0]"
114,0,"[0.5,0.531,0.164,0.264,0.2,0.142,0.281,0.287,0.294,0.07,0.293,0.097,0.174,0.04,0.147,0.125,0.123,0.429,0.261,0.163,0.113,0.165,0.016,0.1,0.135,0.333,0.25,0.28,0.149,0.133,1.0,0.0]"
115,0,"[0.5,0.371,0.13,0.232,0.168,0.151,0.207,0.235,0.23,0.056,0.309,0.129,0.145,0.08,0.161,0.163,0.027,0.0,0.196,0.127,0.105,0.134,0.18,0.2,0.135,0.0,0.25,0.147,0.151,0.067,0.0,1.0]"
116,0,"[0.5,0.603,0.121,0.21,0.15,0.132,0.219,0.241,0.233,0.066,0.23,0.177,0.087,0.0,0.14,0.113,0.068,0.0,0.152,0.113,0.145,0.12,0.258,0.1,0.154,0.333,0.25,0.427,0.094,0.067,1.0,0.0]"
117,0,"[0.5,0.573,0.235,0.359,0.276,0.132,0.435,0.423,0.437,0.071,0.32,0.097,0.159,0.04,0.287,0.254,0.151,0.0,0.196,0.239,0.218,0.235,0.211,0.2,0.212,0.333,0.25,0.227,0.224,0.467,0.0,1.0]"
118,0,"(32,[0,1,3,4,6,7,8,9,10,11,31],[0.5,0.96,0.001,0.001,0.013,0.015,0.012,0.066,0.281,0.016,1.0])"
119,0,"(32,[0,1,9,11,19,22,24,30],[0.5,0.126,0.299,0.016,0.003,0.008,0.019,1.0])"
120,0,"[0.5,0.534,0.053,0.104,0.068,0.019,0.494,0.622,0.549,0.351,0.145,0.016,0.043,0.12,0.056,0.042,0.014,0.0,0.13,0.042,0.048,0.053,0.0,0.1,0.077,0.0,0.25,0.027,0.057,0.067,0.0,1.0]"
121,1,"(32,[0,1,2,3,4,6,7,8,9,10,11,19,21,22,24,28,30],[0.5,0.22,0.002,0.005,0.003,0.063,0.098,0.078,0.533,0.105,0.016,0.003,0.002,0.023,0.058,0.011,1.0])"
122,0,"(32,[0,1,2,3,4,5,6,7,8,9,10,11,14,15,19,21,22,27,28,30],[0.5,0.621,0.012,0.027,0.016,0.019,0.107,0.151,0.122,0.169,0.387,0.048,0.028,0.013,0.017,0.012,0.07,0.013,0.009,1.0])"
123,0,"[0.5,0.545,0.216,0.341,0.263,0.085,0.603,0.609,0.63,0.112,0.293,0.032,0.13,0.2,0.273,0.175,0.288,0.429,0.196,0.158,0.121,0.217,0.086,0.6,0.269,0.0,0.25,0.32,0.211,0.067,0.0,1.0]"
124,0,"[0.5,0.565,0.213,0.33,0.258,0.151,0.345,0.34,0.358,0.056,0.293,0.161,0.116,0.12,0.203,0.221,0.178,0.286,0.196,0.22,0.177,0.213,0.117,0.0,0.212,0.0,0.25,0.267,0.192,0.267,0.0,1.0]"
125,0,"[0.5,0.567,0.37,0.495,0.423,0.708,0.128,0.104,0.124,0.005,0.262,0.903,0.362,0.24,0.462,0.304,0.603,0.286,0.5,0.431,0.444,0.369,0.906,0.3,0.327,0.667,0.75,0.973,0.373,1.0,0.0,1.0]"
126,1,"[0.5,0.511,0.216,0.337,0.265,0.198,0.269,0.265,0.282,0.051,0.207,0.194,0.159,0.16,0.175,0.192,0.178,0.286,0.239,0.177,0.153,0.218,0.195,0.3,0.269,0.0,0.25,0.213,0.158,0.333,1.0,0.0]"
127,0,"[0.5,0.603,0.749,0.819,0.777,0.802,0.237,0.159,0.208,0.003,0.324,0.452,0.87,0.84,0.769,0.754,0.932,0.429,0.87,0.749,0.629,0.743,0.664,1.0,1.0,0.333,0.25,0.96,0.668,0.333,0.0,1.0]"
128,1,"[0.5,0.143,0.004,0.011,0.006,0.028,0.024,0.037,0.03,0.241,0.207,0.065,0.014,0.0,0.007,0.004,0.0,0.0,0.0,0.017,0.008,0.005,0.016,0.0,0.019,0.0,0.25,0.013,0.007,0.133,0.0,1.0]"
129,0,"[0.5,0.519,0.078,0.143,0.1,0.047,0.361,0.422,0.397,0.182,0.242,0.048,0.058,0.04,0.105,0.062,0.027,0.0,0.109,0.082,0.073,0.079,0.148,0.2,0.115,0.0,0.25,0.08,0.046,0.067,0.0,1.0]"
130,0,"[0.5,0.739,0.044,0.083,0.054,0.113,0.086,0.103,0.09,0.066,0.281,0.21,0.0,0.0,0.07,0.042,0.0,0.286,0.022,0.076,0.048,0.043,0.172,0.1,0.115,0.0,0.0,0.04,0.025,0.2,0.0,1.0]"
131,0,"[0.5,0.591,0.033,0.068,0.043,0.057,0.124,0.164,0.138,0.121,0.289,0.113,0.0,0.04,0.056,0.029,0.0,0.0,0.022,0.042,0.048,0.033,0.195,0.0,0.019,0.0,0.0,0.013,0.048,0.133,1.0,0.0]"
132,1,"[0.5,0.596,0.062,0.117,0.077,0.104,0.136,0.163,0.146,0.091,0.238,0.145,0.058,0.0,0.056,0.046,0.055,0.143,0.043,0.076,0.089,0.061,0.07,0.0,0.077,0.0,0.25,0.213,0.066,0.133,1.0,0.0]"
133,0,"[0.5,0.49,0.08,0.152,0.105,0.085,0.217,0.264,0.244,0.112,0.527,0.097,0.072,0.04,0.126,0.083,0.082,0.143,0.174,0.101,0.097,0.081,0.07,0.2,0.212,0.0,0.25,0.107,0.078,0.067,1.0,0.0]"
134,1,"[0.5,0.557,0.211,0.326,0.252,0.104,0.489,0.482,0.502,0.091,0.102,0.032,0.159,0.0,0.133,0.208,0.247,0.0,0.283,0.194,0.169,0.211,0.086,0.2,0.212,0.0,0.25,0.267,0.215,0.133,1.0,0.0]"
135,1,"(32,[0,1,2,3,4,6,7,8,9,10,11,15,19,21,22,24,27,30],[0.5,0.779,0.001,0.002,0.001,0.031,0.041,0.033,0.611,0.02,0.016,0.008,0.011,0.001,0.016,0.019,0.013,1.0])"
136,1,"[0.5,0.615,0.007,0.016,0.01,0.009,0.101,0.142,0.113,0.455,0.121,0.032,0.0,0.04,0.014,0.008,0.0,0.0,0.022,0.011,0.016,0.007,0.086,0.0,0.0,0.0,0.0,0.013,0.002,0.0,1.0,0.0]"
137,0,"[0.5,0.68,0.035,0.069,0.044,0.057,0.135,0.167,0.144,0.155,0.391,0.016,0.101,0.04,0.021,0.042,0.041,0.143,0.087,0.045,0.024,0.035,0.0,0.1,0.038,0.0,0.25,0.107,0.062,0.067,1.0,0.0]"
138,0,"[0.5,0.634,0.25,0.368,0.294,0.17,0.362,0.339,0.366,0.057,0.383,0.048,0.261,0.12,0.161,0.212,0.356,0.143,0.261,0.22,0.169,0.246,0.055,0.7,0.404,0.333,0.25,0.187,0.215,0.067,1.0,0.0]"
139,0,"[0.5,0.671,0.164,0.262,0.198,0.151,0.264,0.267,0.272,0.056,0.277,0.081,0.188,0.16,0.091,0.142,0.11,0.286,0.217,0.186,0.137,0.161,0.07,0.0,0.058,0.0,0.25,0.16,0.169,0.133,1.0,0.0]"
140,0,"[0.5,0.517,0.156,0.259,0.192,0.104,0.358,0.38,0.38,0.078,0.637,0.0,0.174,0.04,0.217,0.138,0.219,0.143,0.152,0.169,0.169,0.157,0.008,0.2,0.212,0.0,0.0,0.12,0.181,0.0,1.0,0.0]"
141,1,"[0.5,0.41,0.058,0.111,0.076,0.057,0.225,0.277,0.254,0.166,0.168,0.113,0.029,0.04,0.014,0.05,0.055,0.0,0.043,0.076,0.048,0.059,0.297,0.0,0.0,0.333,0.25,0.12,0.041,0.067,1.0,0.0]"
142,0,"[0.5,0.784,0.023,0.047,0.029,0.075,0.063,0.082,0.068,0.083,0.484,0.145,0.0,0.0,0.007,0.033,0.0,0.0,0.022,0.034,0.024,0.022,0.133,0.2,0.038,0.0,0.0,0.0,0.016,0.2,1.0,0.0]"
143,1,"[0.5,0.695,0.047,0.089,0.058,0.075,0.138,0.166,0.147,0.109,0.191,0.145,0.0,0.04,0.105,0.046,0.0,0.0,0.022,0.034,0.04,0.046,0.25,0.0,0.077,0.0,0.0,0.147,0.03,0.267,1.0,0.0]"
144,1,"(32,[0,1,2,3,4,5,6,7,8,9,10,11,15,19,20,21,22,27,28,31],[0.5,0.382,0.025,0.052,0.033,0.057,0.091,0.123,0.106,0.088,0.219,0.113,0.013,0.034,0.024,0.025,0.141,0.067,0.043,1.0])"
145,0,"[0.5,0.488,0.097,0.176,0.123,0.123,0.187,0.215,0.204,0.077,0.457,0.161,0.087,0.08,0.168,0.067,0.151,0.143,0.043,0.127,0.097,0.098,0.289,0.0,0.058,0.333,0.5,0.36,0.11,0.333,1.0,0.0]"
146,0,"(32,[0,1,2,3,4,6,7,8,9,10,11,15,18,19,20,21,22,28,30],[0.5,0.424,0.003,0.006,0.004,0.083,0.119,0.099,0.533,0.387,0.016,0.004,0.022,0.003,0.008,0.003,0.016,0.005,1.0])"
147,0,"[0.5,0.539,0.117,0.203,0.145,0.075,0.359,0.399,0.383,0.109,0.105,0.016,0.13,0.04,0.112,0.133,0.205,0.429,0.152,0.121,0.097,0.117,0.0,0.0,0.058,0.0,0.25,0.053,0.119,0.067,1.0,0.0]"
148,1,"[0.5,0.537,0.145,0.242,0.181,0.33,0.105,0.108,0.11,0.027,0.297,0.532,0.072,0.08,0.07,0.133,0.082,0.0,0.152,0.189,0.21,0.146,0.539,0.1,0.135,0.333,0.25,0.48,0.128,0.4,1.0,0.0]"
149,0,"[0.5,0.521,0.115,0.205,0.145,0.094,0.287,0.326,0.311,0.094,0.297,0.016,0.159,0.04,0.119,0.113,0.068,0.0,0.109,0.11,0.105,0.116,0.086,0.0,0.058,0.333,0.25,0.067,0.096,0.2,0.0,1.0]"
150,0,"[0.5,0.482,0.049,0.098,0.064,0.104,0.106,0.135,0.118,0.066,0.273,0.194,0.0,0.04,0.049,0.021,0.0,0.0,0.065,0.073,0.073,0.049,0.25,0.0,0.058,0.0,0.0,0.04,0.064,0.2,1.0,0.0]"
151,0,"[0.5,0.553,0.246,0.372,0.292,0.274,0.223,0.211,0.226,0.029,0.34,0.226,0.246,0.2,0.224,0.254,0.233,0.143,0.37,0.282,0.274,0.247,0.188,0.2,0.231,0.0,0.25,0.16,0.247,0.2,0.0,1.0]"
152,1,"[0.5,0.479,0.103,0.184,0.13,0.104,0.234,0.265,0.254,0.091,0.156,0.048,0.145,0.0,0.203,0.117,0.041,0.0,0.109,0.093,0.089,0.105,0.031,0.1,0.077,0.0,0.25,0.08,0.098,0.067,0.0,1.0]"
153,0,"[0.5,0.554,0.137,0.232,0.17,0.113,0.289,0.311,0.307,0.077,0.543,0.081,0.13,0.12,0.098,0.154,0.178,0.0,0.174,0.11,0.129,0.137,0.133,0.1,0.173,0.0,0.25,0.133,0.124,0.133,1.0,0.0]"
154,0,"(32,[0,1,2,3,4,5,6,7,8,9,10,11,15,18,19,20,21,22,28,31],[0.5,0.538,0.009,0.019,0.011,0.019,0.076,0.103,0.085,0.169,0.207,0.048,0.008,0.022,0.011,0.024,0.009,0.078,0.009,1.0])"
155,1,"[0.5,0.546,0.012,0.027,0.016,0.047,0.05,0.069,0.055,0.143,0.242,0.097,0.0,0.0,0.042,0.008,0.0,0.0,0.022,0.034,0.0,0.012,0.117,0.1,0.058,0.0,0.0,0.0,0.011,0.067,0.0,1.0]"
156,0,"[0.5,0.475,0.16,0.269,0.198,0.142,0.273,0.292,0.291,0.066,0.301,0.032,0.217,0.04,0.119,0.175,0.096,0.286,0.13,0.132,0.145,0.162,0.016,0.2,0.135,0.0,0.25,0.173,0.318,0.133,1.0,0.0]"
157,0,"[0.5,0.665,0.032,0.063,0.04,0.038,0.171,0.218,0.184,0.206,0.297,0.065,0.029,0.08,0.021,0.025,0.027,0.0,0.0,0.039,0.032,0.031,0.133,0.1,0.019,0.0,0.25,0.027,0.03,0.267,1.0,0.0]"
158,0,"[0.5,0.741,0.062,0.113,0.077,0.132,0.107,0.123,0.114,0.071,0.301,0.226,0.043,0.08,0.119,0.05,0.068,0.0,0.109,0.087,0.081,0.06,0.234,0.2,0.096,0.333,0.25,0.027,0.043,0.4,1.0,0.0]"
159,0,"[0.5,0.544,0.334,0.471,0.387,0.283,0.295,0.263,0.292,0.03,0.238,0.097,0.406,0.36,0.28,0.321,0.438,0.429,0.326,0.33,0.274,0.334,0.125,0.1,0.231,0.333,0.5,0.427,0.27,0.4,1.0,0.0]"
160,0,"[0.5,0.692,0.008,0.016,0.01,0.019,0.066,0.088,0.073,0.195,0.367,0.048,0.0,0.0,0.014,0.017,0.0,0.0,0.0,0.011,0.0,0.008,0.023,0.1,0.019,0.0,0.0,0.0,0.002,0.0,0.0,1.0]"
161,1,"[0.5,0.538,0.01,0.021,0.013,0.019,0.084,0.115,0.097,0.299,0.082,0.048,0.014,0.0,0.0,0.029,0.027,0.0,0.0,0.008,0.008,0.01,0.023,0.0,0.0,0.0,0.25,0.013,0.016,0.067,1.0,0.0]"
162,0,"[0.5,0.628,0.178,0.276,0.211,0.179,0.242,0.238,0.246,0.046,0.125,0.194,0.13,0.16,0.168,0.179,0.11,0.286,0.196,0.149,0.089,0.176,0.109,0.0,0.173,0.0,0.25,0.16,0.185,0.133,1.0,0.0]"
163,0,"[0.5,0.479,0.004,0.01,0.006,0.028,0.022,0.032,0.026,0.163,0.254,0.065,0.0,0.0,0.0,0.008,0.0,0.0,0.0,0.008,0.008,0.004,0.023,0.0,0.019,0.0,0.0,0.013,0.007,0.067,1.0,0.0]"
164,1,"[0.5,1.0,0.015,0.03,0.019,0.047,0.063,0.079,0.066,0.156,0.062,0.097,0.0,0.0,0.0,0.013,0.0,0.0,0.022,0.028,0.032,0.014,0.023,0.2,0.115,0.0,0.0,0.013,0.023,0.067,1.0,0.0]"
165,0,"[0.5,0.617,0.258,0.383,0.304,0.236,0.271,0.254,0.273,0.036,0.297,0.21,0.203,0.28,0.196,0.242,0.247,0.143,0.304,0.239,0.21,0.255,0.18,0.2,0.269,0.0,0.25,0.267,0.279,0.067,0.0,1.0]"
166,0,"[0.5,0.789,0.024,0.048,0.03,0.019,0.218,0.282,0.24,0.273,0.18,0.048,0.0,0.0,0.063,0.021,0.0,0.0,0.022,0.02,0.024,0.023,0.102,0.0,0.058,0.0,0.0,0.013,0.025,0.067,1.0,0.0]"
167,1,"[0.5,0.686,0.097,0.175,0.121,0.038,0.542,0.628,0.582,0.268,0.113,0.016,0.072,0.04,0.091,0.05,0.137,0.286,0.043,0.099,0.097,0.095,0.016,0.3,0.135,0.0,0.25,0.08,0.103,0.067,1.0,0.0]"
168,0,"[0.5,0.574,0.226,0.343,0.27,0.17,0.327,0.314,0.335,0.057,0.301,0.113,0.232,0.04,0.175,0.225,0.205,0.429,0.413,0.217,0.185,0.226,0.156,0.4,0.25,0.667,0.5,0.28,0.243,0.2,0.0,1.0]"
169,1,"[0.5,0.717,0.083,0.149,0.104,0.094,0.205,0.233,0.219,0.122,0.43,0.129,0.072,0.04,0.091,0.075,0.137,0.143,0.13,0.09,0.089,0.081,0.211,0.3,0.154,0.333,0.25,0.32,0.085,0.2,1.0,0.0]"
170,0,"[0.5,0.506,0.067,0.126,0.086,0.189,0.081,0.095,0.088,0.04,0.289,0.339,0.0,0.04,0.056,0.071,0.0,0.286,0.022,0.11,0.129,0.067,0.531,0.2,0.038,0.0,0.0,0.253,0.048,0.133,0.0,1.0]"
171,1,"[0.5,0.684,0.052,0.098,0.065,0.085,0.137,0.165,0.148,0.112,0.129,0.032,0.13,0.04,0.098,0.046,0.123,0.0,0.065,0.056,0.04,0.051,0.047,0.0,0.038,0.0,0.25,0.027,0.023,0.067,1.0,0.0]"
172,1,"[0.5,0.534,0.141,0.232,0.175,0.123,0.275,0.289,0.293,0.088,0.172,0.048,0.174,0.08,0.196,0.129,0.178,0.286,0.196,0.149,0.105,0.141,0.305,0.3,0.135,0.0,0.25,0.2,0.089,0.267,0.0,1.0]"
173,0,"[0.5,0.571,0.235,0.353,0.28,0.142,0.406,0.389,0.415,0.066,0.246,0.016,0.232,0.04,0.196,0.208,0.301,0.714,0.326,0.214,0.177,0.234,0.023,0.3,0.269,0.0,0.25,0.173,0.254,0.067,1.0,0.0]"
174,0,"[0.5,0.519,0.091,0.16,0.115,0.189,0.113,0.125,0.122,0.047,0.262,0.194,0.145,0.2,0.147,0.083,0.137,0.143,0.196,0.138,0.097,0.091,0.148,0.4,0.173,0.0,0.25,0.093,0.112,0.333,1.0,0.0]"
175,0,"[0.5,0.609,0.224,0.344,0.267,0.151,0.363,0.355,0.371,0.052,0.297,0.0,0.246,0.36,0.182,0.217,0.247,0.286,0.261,0.211,0.202,0.222,0.016,0.1,0.308,0.0,0.0,0.2,0.213,0.0,0.0,1.0]"
176,0,"[0.5,0.596,0.179,0.289,0.219,0.16,0.272,0.278,0.285,0.048,0.395,0.016,0.261,0.04,0.147,0.183,0.11,0.286,0.152,0.115,0.121,0.178,0.0,0.0,0.115,0.0,0.25,0.2,0.302,0.067,0.0,1.0]"
177,0,"[0.5,0.47,0.142,0.242,0.177,0.179,0.192,0.206,0.204,0.046,0.422,0.258,0.072,0.04,0.245,0.096,0.041,0.143,0.152,0.121,0.137,0.144,0.266,0.0,0.077,0.0,0.25,0.16,0.121,0.467,0.0,1.0]"
178,0,"[0.5,0.534,0.083,0.159,0.105,0.047,0.385,0.47,0.418,0.156,0.203,0.0,0.087,0.08,0.084,0.037,0.096,0.0,0.022,0.085,0.089,0.084,0.008,0.1,0.135,0.0,0.0,0.053,0.085,0.0,1.0,0.0]"
179,0,"[0.5,0.611,0.178,0.286,0.214,0.132,0.326,0.334,0.337,0.071,0.367,0.065,0.174,0.16,0.231,0.154,0.178,0.429,0.109,0.163,0.105,0.176,0.031,0.3,0.173,0.0,0.25,0.147,0.172,0.067,1.0,0.0]"
180,0,"[0.5,0.609,0.046,0.092,0.059,0.094,0.108,0.138,0.119,0.073,0.402,0.0,0.159,0.12,0.077,0.037,0.014,0.0,0.065,0.042,0.04,0.045,0.0,0.1,0.077,0.0,0.0,0.067,0.057,0.0,1.0,0.0]"
181,0,"[0.5,0.484,0.108,0.192,0.136,0.085,0.297,0.337,0.322,0.112,0.418,0.065,0.116,0.0,0.154,0.117,0.192,0.571,0.174,0.138,0.081,0.109,0.086,0.3,0.115,0.333,0.25,0.093,0.108,0.133,1.0,0.0]"
182,0,"[0.5,0.508,0.473,0.611,0.537,0.538,0.221,0.177,0.214,0.01,0.27,0.016,0.841,0.28,0.622,0.446,0.233,0.714,0.348,0.434,0.355,0.477,0.039,0.6,0.346,0.333,0.25,0.48,0.769,0.067,0.0,1.0]"
183,0,"[0.5,0.571,0.218,0.337,0.263,0.255,0.211,0.205,0.218,0.027,0.254,0.0,0.406,0.12,0.147,0.279,0.384,0.143,0.196,0.194,0.202,0.217,0.008,0.7,0.346,0.0,0.0,0.72,0.195,0.0,1.0,0.0]"
184,0,"[0.5,0.509,0.038,0.08,0.051,0.047,0.173,0.232,0.196,0.156,0.613,0.016,0.087,0.04,0.056,0.037,0.0,0.143,0.043,0.042,0.024,0.039,0.016,0.0,0.0,0.0,0.25,0.053,0.08,0.067,0.0,1.0]"
185,1,"(32,[0,1,2,3,4,6,7,8,9,10,11,15,19,21,22,27,28,30],[0.5,0.249,0.006,0.014,0.008,0.164,0.247,0.197,0.611,0.309,0.016,0.004,0.008,0.006,0.109,0.013,0.005,1.0])"
186,0,"[0.5,0.572,0.03,0.061,0.04,0.019,0.276,0.363,0.314,0.273,0.188,0.0,0.043,0.0,0.056,0.042,0.014,0.286,0.043,0.02,0.024,0.03,0.0,0.0,0.038,0.0,0.0,0.013,0.041,0.0,0.0,1.0]"
187,0,"[0.5,0.961,0.011,0.023,0.014,0.0,0.319,0.412,0.341,0.689,0.152,0.016,0.0,0.0,0.0,0.004,0.0,0.0,0.0,0.006,0.0,0.011,0.039,0.1,0.019,0.0,0.0,0.04,0.014,0.067,0.0,1.0]"
188,0,"[0.5,0.595,0.266,0.388,0.309,0.208,0.317,0.293,0.316,0.038,0.277,0.097,0.261,0.24,0.371,0.283,0.274,0.0,0.283,0.225,0.169,0.264,0.062,0.7,0.442,0.0,0.25,0.227,0.254,0.2,1.0,0.0]"
189,1,"[0.5,0.504,0.09,0.165,0.114,0.113,0.186,0.217,0.203,0.089,0.516,0.145,0.072,0.08,0.14,0.083,0.055,0.0,0.065,0.11,0.145,0.09,0.219,0.3,0.212,0.0,0.25,0.107,0.064,0.2,1.0,0.0]"
190,0,"[0.5,0.516,0.254,0.378,0.302,0.198,0.317,0.299,0.324,0.044,0.246,0.145,0.203,0.24,0.322,0.246,0.288,0.571,0.261,0.225,0.194,0.256,0.031,0.2,0.192,0.0,0.25,0.347,0.217,0.267,1.0,0.0]"
191,0,"[0.5,0.555,1.0,1.0,1.0,1.0,0.255,0.155,0.216,0.0,0.656,1.0,0.739,0.64,0.853,1.0,1.0,1.0,1.0,1.0,1.0,1.0,1.0,0.6,0.673,1.0,1.0,0.92,0.888,0.933,0.0,1.0]"
192,0,"[0.5,0.573,0.008,0.018,0.011,0.009,0.107,0.155,0.123,0.299,0.254,0.032,0.0,0.0,0.021,0.0,0.0,0.0,0.0,0.003,0.008,0.008,0.062,0.0,0.019,0.0,0.0,0.013,0.007,0.0,1.0,0.0]"
193,0,"[0.5,0.544,0.198,0.31,0.239,0.066,0.692,0.694,0.718,0.124,0.523,0.0,0.116,0.12,0.238,0.163,0.123,0.571,0.217,0.172,0.161,0.199,0.008,0.2,0.212,0.0,0.0,0.28,0.176,0.0,1.0,0.0]"
194,1,"[0.5,0.525,0.107,0.196,0.137,0.075,0.329,0.384,0.361,0.152,0.285,0.113,0.072,0.12,0.091,0.079,0.068,0.286,0.13,0.13,0.089,0.108,0.164,0.1,0.135,0.333,0.5,0.12,0.096,0.467,0.0,1.0]"
195,0,"[0.5,0.557,0.154,0.261,0.19,0.255,0.146,0.155,0.154,0.032,0.484,0.177,0.261,0.04,0.126,0.117,0.192,0.429,0.217,0.163,0.105,0.154,0.148,0.2,0.212,0.0,0.25,0.133,0.158,0.267,1.0,0.0]"
196,0,"[0.5,0.573,0.09,0.163,0.115,0.104,0.202,0.234,0.224,0.091,0.344,0.065,0.145,0.04,0.084,0.067,0.164,0.0,0.217,0.096,0.097,0.089,0.055,0.1,0.115,0.333,0.25,0.067,0.053,0.2,0.0,1.0]"
197,0,"[0.5,0.223,0.017,0.041,0.025,0.066,0.053,0.079,0.065,0.095,0.395,0.129,0.0,0.0,0.035,0.033,0.0,0.0,0.022,0.017,0.032,0.018,0.109,0.0,0.019,0.0,0.0,0.013,0.011,0.067,1.0,0.0]"
198,0,"[0.5,0.511,0.043,0.086,0.055,0.066,0.143,0.183,0.158,0.104,0.348,0.129,0.0,0.0,0.042,0.021,0.0,0.143,0.043,0.054,0.089,0.043,0.266,0.0,0.038,0.0,0.0,0.133,0.037,0.133,1.0,0.0]"
199,0,"[0.5,0.466,0.157,0.262,0.197,0.302,0.125,0.13,0.133,0.025,0.465,0.5,0.058,0.24,0.224,0.154,0.11,0.0,0.174,0.211,0.282,0.16,0.578,0.4,0.269,0.667,0.5,0.187,0.13,0.4,0.0,1.0]"
200,0,"[0.5,0.492,0.061,0.12,0.079,0.085,0.163,0.205,0.182,0.104,0.219,0.097,0.087,0.2,0.056,0.075,0.082,0.0,0.065,0.082,0.097,0.062,0.078,0.0,0.058,0.333,0.25,0.227,0.064,0.2,1.0,0.0]"
201,0,"[0.5,0.531,0.153,0.254,0.189,0.094,0.384,0.408,0.409,0.08,0.516,0.0,0.159,0.08,0.133,0.142,0.164,0.286,0.217,0.118,0.065,0.153,0.008,0.0,0.115,0.0,0.0,0.16,0.124,0.0,1.0,0.0]"
202,0,"[0.5,0.399,0.06,0.116,0.08,0.028,0.419,0.517,0.476,0.241,0.27,0.0,0.058,0.08,0.056,0.037,0.082,0.143,0.087,0.062,0.048,0.062,0.0,0.1,0.038,0.0,0.0,0.027,0.062,0.0,1.0,0.0]"
203,0,"[0.5,0.566,0.131,0.227,0.164,0.189,0.166,0.182,0.179,0.04,0.492,0.177,0.159,0.0,0.168,0.158,0.123,0.0,0.065,0.124,0.153,0.13,0.273,0.2,0.096,0.0,0.25,0.107,0.119,0.2,0.0,1.0]"
204,0,"[0.5,0.535,0.321,0.456,0.373,0.075,1.0,0.911,1.0,0.126,0.453,0.048,0.101,0.2,0.294,0.267,0.301,0.429,0.196,0.254,0.25,0.322,0.039,0.1,0.231,0.0,0.25,0.32,0.284,0.067,1.0,0.0]"
205,0,"[0.5,0.729,0.018,0.038,0.024,0.047,0.079,0.104,0.086,0.143,0.52,0.097,0.0,0.04,0.007,0.013,0.0,0.0,0.0,0.034,0.024,0.018,0.094,0.1,0.038,0.0,0.0,0.013,0.009,0.067,0.0,1.0]"
206,0,"[0.5,0.565,0.019,0.04,0.025,0.019,0.172,0.23,0.197,0.299,0.484,0.048,0.014,0.0,0.056,0.017,0.0,0.0,0.022,0.034,0.04,0.019,0.078,0.0,0.019,0.0,0.25,0.013,0.018,0.267,1.0,0.0]"
207,0,"[0.5,0.227,0.01,0.022,0.014,0.0,0.274,0.407,0.337,0.766,0.484,0.016,0.0,0.0,0.021,0.013,0.0,0.143,0.0,0.014,0.008,0.01,0.078,0.0,0.0,0.0,0.0,0.013,0.014,0.133,0.0,1.0]"
208,0,"[0.5,0.601,0.302,0.439,0.348,0.208,0.362,0.333,0.358,0.045,0.277,0.194,0.203,0.16,0.301,0.333,0.425,0.143,0.283,0.237,0.202,0.3,0.172,0.1,0.327,0.333,0.5,0.333,0.309,0.2,0.0,1.0]"
209,0,"[0.5,0.546,0.072,0.129,0.091,0.113,0.148,0.167,0.159,0.077,0.395,0.016,0.188,0.2,0.077,0.108,0.068,0.143,0.0,0.07,0.073,0.073,0.016,0.2,0.077,0.0,0.25,0.053,0.128,0.067,1.0,0.0]"
210,0,"[0.5,0.239,0.016,0.036,0.023,0.0,0.452,0.665,0.55,0.766,0.164,0.0,0.014,0.0,0.021,0.008,0.0,0.0,0.022,0.02,0.008,0.017,0.0,0.2,0.077,0.0,0.0,0.013,0.009,0.0,1.0,0.0]"
211,1,"[0.5,0.266,0.03,0.065,0.042,0.094,0.069,0.094,0.082,0.087,0.344,0.177,0.0,0.0,0.014,0.054,0.0,0.143,0.022,0.051,0.056,0.032,0.172,0.1,0.077,0.0,0.0,0.133,0.023,0.0,1.0,0.0]"
212,1,"[0.5,0.473,0.04,0.078,0.052,0.057,0.155,0.19,0.173,0.188,0.066,0.048,0.072,0.08,0.077,0.046,0.11,0.143,0.043,0.042,0.04,0.041,0.016,0.1,0.096,0.0,0.25,0.093,0.016,0.067,1.0,0.0]"
213,0,"[0.5,0.608,0.026,0.055,0.034,0.047,0.116,0.153,0.13,0.143,0.223,0.097,0.0,0.04,0.021,0.017,0.0,0.143,0.043,0.034,0.048,0.026,0.117,0.0,0.0,0.0,0.0,0.027,0.03,0.067,1.0,0.0]"
214,0,"[0.5,0.581,0.094,0.165,0.119,0.057,0.373,0.417,0.406,0.121,0.27,0.0,0.101,0.12,0.14,0.054,0.178,0.0,0.087,0.099,0.089,0.094,0.0,0.4,0.115,0.0,0.0,0.08,0.066,0.0,0.0,1.0]"
215,0,"[0.5,0.68,0.025,0.051,0.032,0.028,0.166,0.222,0.186,0.143,0.629,0.0,0.058,0.0,0.007,0.021,0.027,0.0,0.0,0.017,0.008,0.024,0.023,0.0,0.0,0.0,0.0,0.0,0.011,0.0,0.0,1.0]"
216,0,"[0.5,0.537,0.125,0.219,0.158,0.189,0.158,0.176,0.172,0.047,0.434,0.097,0.261,0.04,0.161,0.129,0.123,0.0,0.152,0.121,0.137,0.125,0.625,0.3,0.173,0.667,0.5,0.12,0.105,0.267,1.0,0.0]"
217,0,"[0.5,0.437,0.045,0.091,0.059,0.104,0.096,0.125,0.109,0.072,0.23,0.194,0.0,0.08,0.063,0.054,0.0,0.0,0.087,0.065,0.065,0.046,0.172,0.1,0.115,0.0,0.0,0.053,0.025,0.267,0.0,1.0]"
218,0,"[0.5,0.68,0.144,0.244,0.174,0.132,0.262,0.283,0.272,0.05,0.398,0.0,0.217,0.12,0.238,0.113,0.164,0.0,0.022,0.118,0.121,0.141,0.0,0.3,0.231,0.0,0.0,0.107,0.14,0.0,0.0,1.0]"
219,0,"[0.5,0.443,0.061,0.119,0.08,0.066,0.208,0.257,0.232,0.143,0.293,0.113,0.029,0.08,0.063,0.05,0.027,0.286,0.152,0.07,0.048,0.063,0.289,0.3,0.173,0.0,0.25,0.04,0.062,0.2,0.0,1.0]"
220,0,"[0.5,0.522,0.184,0.298,0.227,0.142,0.316,0.325,0.334,0.061,0.316,0.097,0.159,0.12,0.154,0.179,0.247,0.0,0.109,0.183,0.153,0.185,0.102,0.4,0.288,0.0,0.25,0.173,0.153,0.267,0.0,1.0]"
221,0,"[0.5,0.132,0.01,0.024,0.015,0.009,0.141,0.214,0.173,0.338,0.344,0.032,0.0,0.0,0.0,0.0,0.0,0.0,0.022,0.011,0.016,0.011,0.047,0.1,0.019,0.0,0.0,0.027,0.007,0.0,1.0,0.0]"
222,1,"[0.5,0.467,0.151,0.256,0.189,0.151,0.241,0.26,0.259,0.07,0.277,0.081,0.188,0.12,0.133,0.125,0.356,0.143,0.087,0.152,0.161,0.153,0.086,0.2,0.173,0.0,0.25,0.467,0.126,0.2,0.0,1.0]"
223,0,"[0.5,0.782,0.022,0.046,0.028,0.047,0.096,0.127,0.105,0.169,0.738,0.097,0.0,0.04,0.028,0.021,0.0,0.143,0.065,0.031,0.016,0.021,0.07,0.1,0.058,0.0,0.0,0.013,0.016,0.133,0.0,1.0]"
224,1,"[0.5,0.905,0.017,0.034,0.021,0.028,0.115,0.146,0.12,0.26,0.176,0.065,0.0,0.0,0.014,0.013,0.0,0.143,0.022,0.031,0.056,0.016,0.109,0.0,0.019,0.0,0.0,0.027,0.018,0.133,0.0,1.0]"
